Name,Age,Zip Code
Quintessa Whitehead,49,76818
Zahir Sears,58,49755
Shellie Pena,21,98897
Samuel Short,57,31484
Rama Castaneda,21,24456
Cassandra Gay,49,29503
Ifeoma Livingston,41,17654
Ocean Wade,65,24876
Yoshio Gibbs,38,81373
Bert Carpenter,59,94911
Vanna Griffin,55,35102
Vladimir Hardin,61,55838
Shana Stokes,57,12647
Aristotle Blair,36,94024
Candice Holland,45,73648
Alea Brock,26,47325
Isaiah Spence,25,22420
Grady Tyler,53,41961
Palmer Franklin,20,11162
Henry Downs,61,40022
Palmer Whitfield,33,13194
Daryl Paul,28,87813
Evelyn Stephenson,40,61897
Sawyer Stevenson,29,21697
August Greer,44,12906
Porter Mcguire,33,50690
Mark Rivers,42,21454
Philip Estes,57,49359
Elaine Arnold,55,20473
Yetta Aguilar,28,82640
Akeem Nguyen,38,65945
Gavin Cash,63,12925
Wang Beach,52,81455
Brenda Benjamin,36,60526
Tarik Avila,57,89316
Colorado Howard,39,24479
Althea Kennedy,21,13624
Anastasia Foley,44,67585
Ella Frost,64,80372
Cleo Mcbride,61,52492
Sonia Flores,24,82795
Aretha Blackburn,26,46076
Maggie Burnett,33,75791
Britanney Oneill,42,13162
Maya Calderon,43,75161
Chiquita Wilson,50,14479
Wyoming Henry,61,50471
Jolene Cantu,31,67931
Chadwick Skinner,52,63334
Gemma Morales,30,96697
Rigel Patton,34,94688
Harlan Clark,33,29928
Hector Barnett,30,93119
Hadassah Whitehead,24,41306
Vladimir Brewer,43,37601
Fuller Carpenter,25,24329
Janna Reeves,23,24212
Duncan Patton,37,44314
Zahir Avila,53,25173
Uta Shaffer,41,82313
Kevin Baker,21,95398
Autumn Pennington,51,83519
Sade Cruz,23,85083
Keegan Schultz,50,75781
John Grimes,19,75091
Axel Spence,30,17470
Cody Jimenez,37,26997
Lucas Figueroa,20,31336
Chelsea Crane,58,31652
Adele Salazar,22,95109
Rashad Atkinson,48,86101
Graiden Park,34,13345
Cyrus Oneal,46,80338
Genevieve Reilly,63,94979
Olga Head,61,92780
Price Foley,52,18729
Clementine Strong,19,11899
Alexis Hull,64,55297
Reuben Vance,60,59686
Thor Haley,25,54796
Pearl Shannon,24,51449
Yoshi Cannon,22,33042
Bruno Kidd,34,23777
Fredericka Cantrell,53,41870
Tamekah Davidson,21,19623
Callie Macias,46,25588
Gabriel Allen,20,45964
Garrett Fischer,60,12835
Stephen Chapman,28,32603
Colby Adkins,23,46188
Amy Merrill,59,42204
Justin Spears,56,80574
Daquan Collins,19,57069
Odessa Fuller,53,56678
Maggy Matthews,26,99789
Gareth Wilkins,50,95079
Leonard Mcclain,43,59368
Maya Moore,42,61134
Alika Pena,37,82553
Ferris Terry,50,66140