Name,Age,Zip Code,Number Of Visits
Shelby Shaffer,36,94855,22
Uma Collins,50,35591,21
Heather Conway,30,60188,24
Armand Barrett,55,25108,22
Julian Dennis,56,85682,18
Bo Casey,42,10652,23
Frances Christensen,38,72456,16
Dominic Hale,62,58582,21
Theodore Horton,32,50225,24
Scarlet Ross,64,49726,22
Nathaniel Dickerson,31,69797,18
Ivy Rivera,46,95053,17
Ronan Bruce,40,73754,18
Jessamine Lara,61,39316,19
Eden Owens,43,25102,22
Brett Myers,29,31750,21
Ezra Marshall,23,54475,19
Sylvia Velazquez,23,93677,24
Nerea Moses,47,84167,20
Kessie Mccoy,55,92792,24
Ingrid Mcmillan,37,77546,19
Shellie Buckley,24,67306,17
Adam Buckley,55,41504,20
Nehru Martinez,45,89952,19
Joshua Webster,56,88417,18
Sean Cain,27,30809,21
Brooke Norris,33,25875,22
Jacob Gamble,60,28635,18
Herman Hayden,33,35131,19
Zelenia Ramsey,33,82174,22
Hu Walton,50,64900,19
Vance Cohen,42,93629,22
Lars Burgess,25,37271,22
Noble Herring,40,65173,21
Kirby Mcleod,33,28945,14
Carter Mccarty,32,75431,21
Shelly Burks,42,97792,24
Brittany Nicholson,27,26310,22
Barbara Gibson,30,91332,17
Ina Glass,29,35682,20
Steven Buckner,24,25013,23
Cooper Peck,46,31221,18
Lillian Mathews,57,88538,23
Maggie Crane,29,72358,21
Jenna Holden,35,63783,20
Chaim Melton,57,17731,24
Xandra Klein,20,47221,18
Justine Nielsen,25,75465,22
Noelani Cantu,42,37819,22
Craig Hensley,38,81400,20
Yasir Mcleod,64,99345,23
Ivan Rodriquez,56,32823,21
Lyle Torres,63,41699,24
Colette Norris,55,52376,21
Thomas Eaton,55,45315,21
Marcia Tran,32,76712,20
Leila Hudson,35,89708,22
Mark Lambert,31,31516,21
Dana Martin,49,19400,15
Tiger Fowler,54,53054,16
Davis Moore,30,58970,17
Chava Todd,30,99203,19
Brock Waters,56,19645,19
Holly Carey,36,95569,19
Oren Gomez,27,39193,19
Charlotte Frederick,64,78258,17
Iona Velasquez,44,99253,18
Ezra Kline,37,83917,22
Driscoll Stokes,23,25728,17
Arsenio Coleman,45,12135,20
Daquan Molina,30,90756,21
Brynn Reynolds,43,45085,20
Leigh Wade,51,84074,21
Calista Morris,35,33695,17
Yen Powers,59,37405,20
Leila Rodriquez,52,40039,19
Iona Carter,31,31632,23
Lynn Lowe,40,35850,21
Tanner Foley,60,39969,21
Thane Everett,54,75889,20
Brody Oconnor,34,30706,19
Angela Griffith,40,60495,21
Guinevere Colon,39,27878,20
Chase Lester,61,27364,23
Hope Tate,39,81605,18
Vance Romero,59,67093,23
Hayfa Mooney,65,33233,17
Faith Stuart,51,96608,20
Patience Obrien,64,81710,22
Caleb Summers,64,20951,19
Amal Sandoval,62,32297,19
Dacey Doyle,39,56017,16
Juliet Padilla,54,73730,18
Cassady Phillips,30,77036,21
Robert Kane,50,73707,20
Nayda Herrera,55,41396,22
Martena Garrison,26,19675,17
Maisie Allen,29,26475,20
Kathleen Conley,50,92327,19
Phoebe Hunt,24,54431,21